{
  "avg_latency_ms": 501.79847081502277,
  "avg_rouge_l": 0.28489557226399326,
  "queries_processed": 6
}